date,state,positive,negative,death,positiveIncrease,negativeIncrease,score
2020-4-6,AK,191,6692,6,6,593
2020-4-6,AL,1968,12797,50,172,1515
2020-4-6,AR,875,11970,16,45,1558
2020-4-6,AS,0,20,0,0,0
2020-4-6,AZ,2456,30078,65,187,4937
2020-4-6,CA,14336,103095,343,898,0
2020-4-6,CO,4950,20823,140,385,1488
2020-4-6,CT,6906,19780,206,1231,2185
2020-4-6,DC,1097,6356,24,99,520
2020-4-6,DE,673,6321,14,0,0
2020-4-6,FL,13324,109950,236,1173,8697
2020-4-6,GA,7314,32698,229,667,11513
2020-4-6,GU,113,505,4,1,12
2020-4-6,HI,371,13155,4,20,551
2020-4-6,IA,946,10653,25,78,680
2020-4-6,ID,1101,9894,10,24,710
2020-4-6,IL,12262,50680,307,1006,2953
2020-4-6,IN,4944,21247,139,533,3006
2020-4-6,KS,845,8239,25,98,763
2020-4-6,KY,955,17812,45,38,2066
2020-4-6,LA,14867,54299,512,1857,6984
2020-4-6,MA,13837,62592,260,1337,3155
2020-4-6,MD,4045,25572,91,436,844
2020-4-6,ME,499,6088,10,29,0
2020-4-6,MI,17221,30030,727,1503,0
2020-4-6,MN,986,27142,30,51,1300
2020-4-6,MO,2722,27113,39,355,2231
2020-4-6,MP,8,13,1,0,0
2020-4-6,MS,1738,18632,51,100,13052
2020-4-6,MT,299,6491,6,13,174
2020-4-6,NC,2870,37856,33,285,396
2020-4-6,ND,225,6988,3,18,408
2020-4-6,NE,409,6378,8,46,820
2020-4-6,NH,669,7701,9,48,290
2020-4-6,NJ,41090,47942,1003,3585,3281
2020-4-6,NM,624,18512,12,81,2227
2020-4-6,NV,1953,15676,46,117,681
2020-4-6,NY,130689,190122,4758,8658,9873
2020-4-6,OH,4450,43928,142,407,4215
2020-4-6,OK,1327,1422,51,75,21
2020-4-6,OR,1068,19556,27,69,1630
2020-4-6,PA,12980,70874,162,1470,4613
2020-4-6,PR,513,3432,21,38,359
2020-4-6,RI,1082,7399,27,160,218
2020-4-6,SC,2049,16927,44,0,0
2020-4-6,SD,288,5732,4,48,379
2020-4-6,TN,3802,43548,65,169,1881
2020-4-6,TX,7276,78081,140,464,13955
2020-4-6,UT,1675,31719,13,70,2432
2020-4-6,VA,2878,21643,54,241,609
2020-4-6,VI,43,222,1,1,16
2020-4-6,VT,543,6090,23,31,20
2020-4-6,WA,7984,83391,338,393,3064
2020-4-6,WI,2440,26574,77,173,1405
2020-4-6,WV,345,9595,4,21,1081
2020-4-6,WY,210,3719,0,13,679
2020-4-5,AK,185,6099,6,14,230
2020-4-5,AL,1796,11282,45,216,2009
2020-4-5,AR,830,10412,16,87,785
2020-4-5,AS,0,20,0,0,0
2020-4-5,AZ,2269,25141,64,250,0
2020-4-5,CA,13438,103095,319,1412,1421
2020-4-5,CO,4565,19335,126,392,1437
2020-4-5,CT,5675,17595,189,399,842
2020-4-5,DC,998,5836,22,96,300
2020-4-5,DE,673,6321,14,80,447
2020-4-5,FL,12151,101253,218,1040,10297
2020-4-5,GA,6647,21185,211,487,1051
2020-4-5,GU,112,493,4,19,21
2020-4-5,HI,351,12604,4,32,645
2020-4-5,IA,868,9973,22,82,519
2020-4-5,ID,1077,9184,10,64,1327
2020-4-5,IL,11256,47727,274,899,4503
2020-4-5,IN,4411,18241,127,458,2394
2020-4-5,KS,747,7476,22,49,596
2020-4-5,KY,917,15746,40,86,1005
2020-4-5,LA,13010,47315,477,514,1313
2020-4-5,MA,12500,59437,231,764,2373
2020-4-5,MD,3609,24728,67,484,2243
2020-4-5,ME,470,6088,10,14,0
2020-4-5,MI,15718,30030,617,1493,18137
2020-4-5,MN,935,25842,29,70,1284
2020-4-5,MO,2367,24882,34,76,2268
2020-4-5,MP,8,13,1,0,0
2020-4-5,MS,1638,5580,43,183,447
2020-4-5,MT,286,6317,6,21,405
2020-4-5,NC,2585,37460,31,183,1089
2020-4-5,ND,207,6580,3,21,559
2020-4-5,NE,363,5558,8,42,500
2020-4-5,NH,621,7411,9,81,446
2020-4-5,NJ,37505,44661,917,3381,3429
2020-4-5,NM,543,16285,11,48,1148
2020-4-5,NV,1836,14995,46,94,574
2020-4-5,NY,122031,180249,4159,8327,10332
2020-4-5,OH,4043,39713,119,304,1581
2020-4-5,OK,1252,1401,46,93,39
2020-4-5,OR,999,17926,26,100,1391
2020-4-5,PA,11510,66261,150,1493,6248
2020-4-5,PR,475,3073,20,23,1008
2020-4-5,RI,922,7181,25,116,1597
2020-4-5,SC,2049,16927,44,132,530
2020-4-5,SD,240,5353,2,28,341
2020-4-5,TN,3633,41667,44,312,3597
2020-4-5,TX,6812,64126,127,702,6485
2020-4-5,UT,1605,29287,8,177,2672
2020-4-5,VA,2637,21034,51,230,1889
2020-4-5,VI,42,206,1,2,22
2020-4-5,VT,512,6070,22,51,687
2020-4-5,WA,7591,80327,310,625,4694
2020-4-5,WI,2267,25169,68,155,1310
2020-4-5,WV,324,8514,3,42,1110
2020-4-5,WY,197,3040,0,10,95
2020-4-4,AK,171,5869,5,14,10
2020-4-4,AL,1580,9273,43,148,1086
2020-4-4,AR,743,9627,14,39,632
2020-4-4,AS,,20,0,0,0
2020-4-4,AZ,2019,25141,52,250,2237
2020-4-4,CA,12026,101674,276,1325,77075
2020-4-4,CO,4173,17898,111,445,1215
2020-4-4,CT,5276,16753,165,362,1652
2020-4-4,DC,902,5536,21,145,709
2020-4-4,DE,593,5874,14,143,879
2020-4-4,FL,11111,90956,191,1526,8819
2020-4-4,GA,6160,20134,201,329,700
2020-4-4,GU,93,472,4,9,13
2020-4-4,HI,319,11959,3,34,1753
2020-4-4,IA,786,9454,14,87,700
2020-4-4,ID,1013,7857,10,122,803
2020-4-4,IL,10357,43224,243,1453,4080
2020-4-4,IN,3953,15847,116,516,1449
2020-4-4,KS,698,6880,21,78,426
2020-4-4,KY,831,14741,37,61,2707
2020-4-4,LA,12496,46002,409,2199,2654
2020-4-4,MA,11736,57064,216,1334,4504
2020-4-4,MD,3125,22485,53,367,1553
2020-4-4,ME,456,6088,10,24,0
2020-4-4,MI,14225,11893,540,1481,0
2020-4-4,MN,865,24558,24,76,1120
2020-4-4,MO,2291,22614,24,178,3257
2020-4-4,MP,8,13,1,0,0
2020-4-4,MS,1455,5133,35,97,380
2020-4-4,MT,265,5912,5,22,579
2020-4-4,NC,2402,36371,24,309,6866
2020-4-4,ND,186,6021,3,13,396
2020-4-4,NE,321,5058,6,42,571
2020-4-4,NH,540,6965,7,61,390
2020-4-4,NJ,34124,41232,846,4229,3624
2020-4-4,NM,495,15137,10,92,762
2020-4-4,NV,1742,14421,46,228,1403
2020-4-4,NY,113704,169917,3565,10841,12260
2020-4-4,OH,3739,38132,102,427,3069
2020-4-4,OK,1159,1362,42,171,47
2020-4-4,OR,899,16535,22,0,1276
2020-4-4,PA,10017,60013,136,1597,6318
2020-4-4,PR,452,2065,18,74,16
2020-4-4,RI,806,5584,17,95,1172
2020-4-4,SC,1917,16397,40,363,10956
2020-4-4,SD,212,5012,2,25,419
2020-4-4,TN,3321,38070,43,254,3298
2020-4-4,TX,6110,57641,105,780,7207
2020-4-4,UT,1428,26615,8,182,3613
2020-4-4,VA,2407,19145,52,395,2152
2020-4-4,VI,40,184,,2,30
2020-4-4,VT,461,5383,20,72,544
2020-4-4,WA,6966,75633,284,381,2800
2020-4-4,WI,2112,23859,56,200,1482
2020-4-4,WV,282,7404,2,45,1274
2020-4-4,WY,187,2945,0,25,241
2020-4-3,AK,157,5859,3,14,980
2020-4-3,AL,1432,8187,35,199,684
2020-4-3,AR,704,8995,12,61,1115
2020-4-3,AS,,20,0,0,0
2020-4-3,AZ,1769,22904,41,171,1793
2020-4-3,CA,10701,24599,237,1510,790
2020-4-3,CO,3728,16683,97,386,1380
2020-4-3,CT,4914,15101,131,1090,625
2020-4-3,DC,757,4827,15,104,410
2020-4-3,DE,450,4995,14,57,429
2020-4-3,FL,9585,82137,163,1575,12851
2020-4-3,GA,5831,19434,184,483,1825
2020-4-3,GU,84,459,4,2,17
2020-4-3,HI,285,10206,2,27,0
2020-4-3,IA,699,8754,11,85,700
2020-4-3,ID,891,7054,9,222,441
2020-4-3,IL,8904,39144,210,1209,3183
2020-4-3,IN,3437,14398,102,398,1152
2020-4-3,KS,620,6454,17,68,395
2020-4-3,KY,770,12034,31,90,4814
2020-4-3,LA,10297,43348,370,1147,1412
2020-4-3,MA,10402,52560,192,1436,4918
2020-4-3,MD,2758,20932,42,427,2042
2020-4-3,ME,432,6088,9,56,0
2020-4-3,MI,12744,11893,479,1953,0
2020-4-3,MN,789,23438,22,47,1786
2020-4-3,MO,2113,19357,19,279,1508
2020-4-3,MP,8,13,1,0,0
2020-4-3,MS,1358,4753,29,181,0
2020-4-3,MT,243,5333,5,16,240
2020-4-3,NC,2093,29505,19,236,2683
2020-4-3,ND,173,5625,3,14,804
2020-4-3,NE,279,4487,6,33,509
2020-4-3,NH,479,6575,5,64,497
2020-4-3,NJ,29895,37608,646,4305,4088
2020-4-3,NM,403,14375,7,40,727
2020-4-3,NV,1514,13018,43,56,430
2020-4-3,NY,102863,157657,2935,10482,11073
2020-4-3,OH,3312,35063,91,410,3047
2020-4-3,OK,988,1315,38,109,50
2020-4-3,OR,899,15259,21,73,1127
2020-4-3,PA,8420,53695,102,1404,5997
2020-4-3,PR,378,2049,15,62,445
2020-4-3,RI,711,4412,14,54,0
2020-4-3,SC,1554,5441,31,0,0
2020-4-3,SD,187,4593,2,22,376
2020-4-3,TN,3067,34772,37,222,3006
2020-4-3,TX,5330,50434,90,661,4424
2020-4-3,UT,1246,23002,7,172,3011
2020-4-3,VA,2012,16993,46,306,1110
2020-4-3,VI,38,154,,5,5
2020-4-3,VT,389,4839,17,51,128
2020-4-3,WA,6585,72833,262,601,4019
2020-4-3,WI,1912,22377,37,182,2060
2020-4-3,WV,237,6130,2,20,854
2020-4-3,WY,162,2704,0,12,265
2020-4-2,AK,143,4879,3,10,409
2020-4-2,AL,1233,7503,32,156,806
2020-4-2,AR,643,7880,12,59,526
2020-4-2,AS,0,20,0,0,0
2020-4-2,AZ,1598,21111,32,185,1466
2020-4-2,CA,9191,23809,203,1036,2037
2020-4-2,CO,3342,15303,80,376,1420
2020-4-2,CT,3824,14476,112,267,1433
2020-4-2,DC,653,4417,12,67,1155
2020-4-2,DE,393,4566,12,25,551
2020-4-2,FL,8010,69286,128,1055,9757
2020-4-2,GA,5348,17609,163,710,1921
2020-4-2,GU,82,442,3,5,36
2020-4-2,HI,258,10206,1,50,1485
2020-4-2,IA,614,8054,11,65,750
2020-4-2,ID,669,6613,9,144,537
2020-4-2,IL,7695,35961,157,715,2557
2020-4-2,IN,3039,13246,78,474,1436
2020-4-2,KS,552,6059,13,70,648
2020-4-2,KY,680,7220,20,89,255
2020-4-2,LA,9150,41936,310,2726,2584
2020-4-2,MA,8966,47642,154,1228,3642
2020-4-2,MD,2331,18890,36,346,1657
2020-4-2,ME,376,6088,7,32,0
2020-4-2,MI,10791,11893,417,1457,0
2020-4-2,MN,742,21652,18,53,1150
2020-4-2,MO,1834,17849,19,253,2003
2020-4-2,MP,8,13,1,2,13
2020-4-2,MS,1177,4753,26,104,1041
2020-4-2,MT,227,5093,5,19,383
2020-4-2,NC,1857,26822,16,273,2163
2020-4-2,ND,159,4821,3,17,470
2020-4-2,NE,246,3978,5,36,503
2020-4-2,NH,415,6078,4,0,93
2020-4-2,NJ,25590,33520,537,3335,3133
2020-4-2,NM,363,13648,6,48,723
2020-4-2,NV,1458,12588,38,179,1069
2020-4-2,NY,92381,146584,2373,8669,9416
2020-4-2,OH,2902,32016,81,355,5024
2020-4-2,OK,879,1265,34,160,17
2020-4-2,OR,826,14132,19,90,996
2020-4-2,PA,7016,47698,90,1211,5271
2020-4-2,PR,316,1604,12,30,195
2020-4-2,RI,657,4412,12,91,581
2020-4-2,SC,1554,5441,31,261,408
2020-4-2,SD,165,4217,2,36,314
2020-4-2,TN,2845,31766,32,162,1997
2020-4-2,TX,4669,46010,70,672,2150
2020-4-2,UT,1074,19991,7,62,-164
2020-4-2,VA,1706,15883,41,222,2023
2020-4-2,VI,33,149,,3,23
2020-4-2,VT,338,4711,17,17,537
2020-4-2,WA,5984,68814,247,350,8248
2020-4-2,WI,1730,20317,31,180,1498
2020-4-2,WV,217,5276,2,26,892
2020-4-2,WY,150,2439,0,20,221
2020-4-1,AK,133,4470,3,14,876
2020-4-1,AL,1077,6697,26,96,399
2020-4-1,AR,584,7354,10,61,1395
2020-4-1,AS,0,20,0,0,17
2020-4-1,AZ,1413,19645,29,124,1563
2020-4-1,CA,8155,21772,171,673,0
2020-4-1,CO,2966,13883,69,339,1146
2020-4-1,CT,3557,13043,85,429,14
2020-4-1,DC,586,3262,11,91,0
2020-4-1,DE,368,4015,11,49,319
2020-4-1,FL,6955,59529,87,617,5244
2020-4-1,GA,4638,15688,139,709,3436
2020-4-1,GU,77,406,3,8,35
2020-4-1,HI,208,8721,1,4,250
2020-4-1,IA,549,7304,9,52,416
2020-4-1,ID,525,6076,9,110,779
2020-4-1,IL,6980,33404,141,986,4173
2020-4-1,IN,2565,11810,65,406,596
2020-4-1,KS,482,5411,10,54,415
2020-4-1,KY,591,6965,17,111,635
2020-4-1,LA,6424,39352,273,1187,5622
2020-4-1,MA,7738,44000,122,1118,3685
2020-4-1,MD,1985,17233,31,325,2365
2020-4-1,ME,344,6088,7,41,0
2020-4-1,MI,9334,11893,337,1719,0
2020-4-1,MN,689,20502,17,60,1351
2020-4-1,MO,1581,15846,18,254,1232
2020-4-1,MP,6,,,4,0
2020-4-1,MS,1073,3712,22,136,175
2020-4-1,MT,208,4710,5,24,476
2020-4-1,NC,1584,24659,10,86,3051
2020-4-1,ND,142,4351,3,16,220
2020-4-1,NE,210,3475,4,38,544
2020-4-1,NH,415,5985,4,101,572
2020-4-1,NJ,22255,30387,355,3559,3310
2020-4-1,NM,315,12925,5,34,679
2020-4-1,NV,1279,11519,26,166,838
2020-4-1,NY,83712,137168,1941,7917,7777
2020-4-1,OH,2547,26992,65,348,0
2020-4-1,OK,719,1248,30,154,19
2020-4-1,OR,736,13136,18,46,0
2020-4-1,PA,5805,42427,74,962,4782
2020-4-1,PR,286,1409,11,47,214
2020-4-1,RI,566,3831,10,78,355
2020-4-1,SC,1293,5033,26,210,417
2020-4-1,SD,129,3903,2,21,294
2020-4-1,TN,2683,29769,24,444,4648
2020-4-1,TX,3997,43860,58,731,4134
2020-4-1,UT,1012,20155,7,125,2529
2020-4-1,VA,1484,13860,34,234,1709
2020-4-1,VI,30,126,,0,0
2020-4-1,VT,321,4174,16,28,217
2020-4-1,WA,5634,60566,224,738,0
2020-4-1,WI,1550,18819,24,199,1444
2020-4-1,WV,191,4384,1,29,403
2020-4-1,WY,130,2218,0,21,219
2020-3-31,AK,119,3594,3,5,54
2020-3-31,AL,981,6298,13,122,604
2020-3-31,AR,523,5959,8,50,697
2020-3-31,AS,,3,0,0,3
2020-3-31,AZ,1289,18082,24,132,2480
2020-3-31,CA,7482,21772,153,1035,1223
2020-3-31,CO,2627,12737,51,0,0
2020-3-31,CT,3128,13029,69,557,1000
2020-3-31,DC,495,3262,9,94,580
2020-3-31,DE,319,3696,10,55,1480
2020-3-31,FL,6338,54285,77,865,6060
2020-3-31,GA,3929,12252,111,1120,2337
2020-3-31,GU,69,371,2,11,19
2020-3-31,HI,204,8471,0,29,646
2020-3-31,IA,497,6888,7,73,726
2020-3-31,ID,415,5297,7,105,901
2020-3-31,IL,5994,29231,99,937,3842
2020-3-31,IN,2159,11214,49,373,1342
2020-3-31,KS,428,4996,9,60,442
2020-3-31,KY,480,6330,11,41,751
2020-3-31,LA,5237,33730,239,1212,3722
2020-3-31,MA,6620,40315,89,868,3274
2020-3-31,MD,1660,14868,18,247,1552
2020-3-31,ME,303,6088,5,28,2694
2020-3-31,MI,7615,11893,259,1117,0
2020-3-31,MN,629,19151,12,53,905
2020-3-31,MO,1327,14614,14,296,1410
2020-3-31,MP,2,,,0,0
2020-3-31,MS,937,3537,20,90,548
2020-3-31,MT,184,4234,4,13,273
2020-3-31,NC,1498,21608,8,191,2051
2020-3-31,ND,126,4131,3,17,403
2020-3-31,NE,172,2931,3,27,347
2020-3-31,NH,314,5413,3,0,27
2020-3-31,NJ,18696,27077,267,2060,1853
2020-3-31,NM,281,12246,4,44,1304
2020-3-31,NV,1113,10681,17,105,474
2020-3-31,NY,75795,129391,1550,9298,9420
2020-3-31,OH,2199,26992,55,266,1650
2020-3-31,OK,565,1229,23,84,22
2020-3-31,OR,690,13136,18,84,859
2020-3-31,PA,4843,37645,63,756,3868
2020-3-31,PR,239,1195,8,65,264
2020-3-31,RI,488,3476,8,80,289
2020-3-31,SC,1083,4616,22,158,456
2020-3-31,SD,108,3609,1,7,131
2020-3-31,TN,2239,25121,23,405,3651
2020-3-31,TX,3266,39726,41,389,6723
2020-3-31,UT,887,17626,5,81,2429
2020-3-31,VA,1250,12151,27,230,1133
2020-3-31,VI,30,126,,0,0
2020-3-31,VT,293,3957,13,37,283
2020-3-31,WA,4896,60566,195,0,0
2020-3-31,WI,1351,17375,16,130,1519
2020-3-31,WV,162,3981,1,36,997
2020-3-31,WY,109,1999,0,15,159
2020-3-30,AK,114,3540,3,12,308
2020-3-30,AL,859,5694,6,53,1510
2020-3-30,AR,473,5262,7,47,2235
2020-3-30,AS,,,0,0,0
2020-3-30,AZ,1157,15602,20,238,2649
2020-3-30,CA,6447,20549,133,739,0
2020-3-30,CO,2627,12737,51,566,1522
2020-3-30,CT,2571,12029,36,578,2122
2020-3-30,DC,401,2682,9,59,213
2020-3-30,DE,264,2216,6,32,2180
2020-3-30,FL,5473,48225,63,1227,9155
2020-3-30,GA,2809,9915,87,158,2
2020-3-30,GU,58,352,1,2,18
2020-3-30,HI,175,7825,0,24,976
2020-3-30,IA,424,6162,6,88,1149
2020-3-30,ID,310,4396,6,49,375
2020-3-30,IL,5057,25389,73,461,2223
2020-3-30,IN,1786,9872,35,272,1556
2020-3-30,KS,368,4554,8,49,360
2020-3-30,KY,439,5579,9,45,432
2020-3-30,LA,4025,30008,185,485,5677
2020-3-30,MA,5752,37041,56,797,2930
2020-3-30,MD,1413,13316,15,174,962
2020-3-30,ME,275,3394,3,22,0
2020-3-30,MI,6498,11893,184,1012,0
2020-3-30,MN,576,18246,10,73,1092
2020-3-30,MO,1031,13204,13,193,1657
2020-3-30,MP,2,,,0,0
2020-3-30,MS,847,2989,16,89,429
2020-3-30,MT,171,3961,4,17,-182
2020-3-30,NC,1307,19557,6,267,1652
2020-3-30,ND,109,3728,2,11,373
2020-3-30,NE,145,2584,2,37,616
2020-3-30,NH,314,5386,3,100,862
2020-3-30,NJ,16636,25224,198,3250,3008
2020-3-30,NM,237,10942,2,0,173
2020-3-30,NV,1008,10207,15,270,1795
2020-3-30,NY,66497,119971,1218,6984,7124
2020-3-30,OH,1933,25342,39,280,6330
2020-3-30,OK,481,1207,17,52,2
2020-3-30,OR,606,12277,16,58,1399
2020-3-30,PA,4087,33777,49,693,3716
2020-3-30,PR,174,931,6,47,90
2020-3-30,RI,408,3187,4,114,646
2020-3-30,SC,925,4160,18,151,1145
2020-3-30,SD,101,3478,1,11,351
2020-3-30,TN,1834,21470,13,297,2433
2020-3-30,TX,2877,33003,34,325,9795
2020-3-30,UT,806,15197,4,87,1923
2020-3-30,VA,1020,11018,25,130,1299
2020-3-30,VI,30,126,,7,3
2020-3-30,VT,256,3674,12,21,208
2020-3-30,WA,4896,60566,195,586,5670
2020-3-30,WI,1221,15856,14,109,-694
2020-3-30,WV,126,2984,1,13,279
2020-3-30,WY,94,1840,0,8,286
2020-3-29,AK,102,3232,2,17,396
2020-3-29,AL,806,4184,4,110,0
2020-3-29,AR,426,3027,6,22,89
2020-3-29,AS,,,0,0,0
2020-3-29,AZ,919,12953,17,46,5498
2020-3-29,CA,5708,20549,123,1065,0
2020-3-29,CO,2061,11215,44,327,1273
2020-3-29,CT,1993,9907,34,702,2798
2020-3-29,DC,342,2469,5,38,258
2020-3-29,DE,232,36,6,18,0
2020-3-29,FL,4246,39070,56,483,3704
2020-3-29,GA,2651,9913,80,285,1228
2020-3-29,GU,56,334,1,1,35
2020-3-29,HI,151,6849,0,31,2492
2020-3-29,IA,336,5013,4,38,638
2020-3-29,ID,261,4021,5,31,679
2020-3-29,IL,4596,23166,65,1105,1166
2020-3-29,IN,1514,8316,32,282,1141
2020-3-29,KS,319,4194,6,58,523
2020-3-29,KY,394,5147,9,92,326
2020-3-29,LA,3540,24331,151,225,2485
2020-3-29,MA,4955,34111,48,698,3319
2020-3-29,MD,1239,12354,10,247,838
2020-3-29,ME,253,3394,3,42,0
2020-3-29,MI,5486,11893,132,1829,2784
2020-3-29,MN,503,17154,9,62,1466
2020-3-29,MO,838,11547,10,0,1465
2020-3-29,MP,2,,,0,0
2020-3-29,MS,758,2560,14,95,0
2020-3-29,MT,154,4143,1,25,887
2020-3-29,NC,1040,17905,4,105,1313
2020-3-29,ND,98,3355,1,15,546
2020-3-29,NE,108,1968,2,12,64
2020-3-29,NH,214,4524,2,27,868
2020-3-29,NJ,13386,22216,161,2262,2830
2020-3-29,NM,237,10769,2,46,1573
2020-3-29,NV,738,8412,14,117,511
2020-3-29,NY,59513,112847,965,7195,9231
2020-3-29,OH,1653,19012,29,247,0
2020-3-29,OK,429,1205,16,52,25
2020-3-29,OR,548,10878,13,69,1185
2020-3-29,PA,3394,30061,38,643,4807
2020-3-29,PR,127,841,5,27,102
2020-3-29,RI,294,2541,3,91,235
2020-3-29,SC,774,3015,16,235,607
2020-3-29,SD,90,3127,1,22,535
2020-3-29,TN,1537,19037,7,164,2072
2020-3-29,TX,2552,23208,34,500,0
2020-3-29,UT,719,13274,2,117,2564
2020-3-29,VA,890,9719,22,151,1292
2020-3-29,VI,23,123,,1,17
2020-3-29,VT,235,3466,12,24,1303
2020-3-29,WA,4310,54896,189,587,5881
2020-3-29,WI,1112,16550,13,123,1318
2020-3-29,WV,113,2705,0,17,374
2020-3-29,WY,86,1554,0,4,79
2020-3-28,AK,85,2836,2,16,517
2020-3-28,AL,696,4184,3,109,0
2020-3-28,AR,404,2938,5,23,1393
2020-3-28,AS,0,,0,0,0
2020-3-28,AZ,873,7455,15,137,0
2020-3-28,CA,4643,20549,101,764,3169
2020-3-28,CO,1734,9942,31,304,1250
2020-3-28,CT,1291,7109,27,0,0
2020-3-28,DC,304,2211,4,37,314
2020-3-28,DE,214,36,3,51,0
2020-3-28,FL,3763,35366,54,998,7180
2020-3-28,GA,2366,8685,69,365,821
2020-3-28,GU,55,299,1,4,0
2020-3-28,HI,120,4357,0,14,0
2020-3-28,IA,298,4375,3,63,635
2020-3-28,ID,230,3342,4,41,674
2020-3-28,IL,3491,22000,47,465,3484
2020-3-28,IN,1232,7175,31,251,1220
2020-3-28,KS,261,3671,5,59,442
2020-3-28,KY,302,4821,8,54,1053
2020-3-28,LA,3315,21846,137,569,3233
2020-3-28,MA,4257,30792,44,1017,4661
2020-3-28,MD,992,11516,5,218,11422
2020-3-28,ME,211,3394,1,43,0
2020-3-28,MI,3657,9109,92,0,2559
2020-3-28,MN,441,15688,5,43,2083
2020-3-28,MO,838,10082,10,169,9713
2020-3-28,MP,2,,,2,0
2020-3-28,MS,663,2560,13,84,0
2020-3-28,MT,129,3256,1,21,666
2020-3-28,NC,935,16592,4,172,2219
2020-3-28,ND,83,2809,1,18,382
2020-3-28,NE,96,1904,2,11,143
2020-3-28,NH,187,3656,2,29,261
2020-3-28,NJ,11124,19386,140,2299,2839
2020-3-28,NM,191,9196,1,55,819
2020-3-28,NV,621,7901,10,86,1740
2020-3-28,NY,52318,103616,728,7683,2498
2020-3-28,OH,1406,19012,25,269,0
2020-3-28,OK,377,1180,15,55,96
2020-3-28,OR,479,9693,13,65,1183
2020-3-28,PA,2751,25254,34,533,4238
2020-3-28,PR,100,739,3,21,220
2020-3-28,RI,203,2306,,38,940
2020-3-28,SC,539,2408,13,83,101
2020-3-28,SD,68,2592,1,10,205
2020-3-28,TN,1373,16965,6,170,2077
2020-3-28,TX,2052,23208,27,321,1273
2020-3-28,UT,602,10710,2,122,1946
2020-3-28,VA,739,8427,17,135,1694
2020-3-28,VI,22,106,0,3,51
2020-3-28,VT,211,2163,12,27,86
2020-3-28,WA,3723,49015,175,516,5842
2020-3-28,WI,989,15232,13,147,2092
2020-3-28,WV,96,2331,0,20,552
2020-3-28,WY,82,1475,0,12,264
2020-3-27,AK,69,2319,1,10,518
2020-3-27,AL,587,4184,3,81,591
2020-3-27,AR,381,1545,3,46,41
2020-3-27,AS,0,,0,0,0
2020-3-27,AZ,736,7455,13,159,7108
2020-3-27,CA,3879,17380,78,873,0
2020-3-27,CO,1430,8692,24,344,1714
2020-3-27,CT,1291,7109,27,279,1484
2020-3-27,DC,267,1897,3,36,271
2020-3-27,DE,163,36,2,33,0
2020-3-27,FL,2765,28186,34,410,4445
2020-3-27,GA,2001,7864,64,476,463
2020-3-27,GU,51,299,1,6,36
2020-3-27,HI,106,4357,,11,0
2020-3-27,IA,235,3740,3,56,1162
2020-3-27,ID,189,2668,3,66,603
2020-3-27,IL,3026,18516,34,488,4423
2020-3-27,IN,981,5955,24,336,1949
2020-3-27,KS,202,3229,4,34,360
2020-3-27,KY,248,3768,6,50,666
2020-3-27,LA,2746,18613,119,441,2889
2020-3-27,MA,3240,26131,35,823,4927
2020-3-27,MD,774,94,5,194,0
2020-3-27,ME,168,3394,1,13,0
2020-3-27,MI,3657,6550,92,801,0
2020-3-27,MN,398,13605,4,52,1001
2020-3-27,MO,669,369,8,167,0
2020-3-27,MP,0,,0,0,0
2020-3-27,MS,579,2560,8,94,269
2020-3-27,MT,108,2590,,37,462
2020-3-27,NC,763,14373,3,127,2099
2020-3-27,ND,65,2427,0,13,388
2020-3-27,NE,85,1761,0,12,177
2020-3-27,NH,158,3395,1,21,394
2020-3-27,NJ,8825,16547,108,1949,2886
2020-3-27,NM,136,8377,1,24,696
2020-3-27,NV,535,6161,10,115,1464
2020-3-27,NY,44635,101118,519,7377,16272
2020-3-27,OH,1137,19012,19,270,2563
2020-3-27,OK,322,1084,8,74,126
2020-3-27,OR,414,8510,12,87,1557
2020-3-27,PA,2218,21016,22,531,4575
2020-3-27,PR,79,519,3,15,142
2020-3-27,RI,165,1366,,0,27
2020-3-27,SC,456,2307,9,0,0
2020-3-27,SD,58,2387,1,12,414
2020-3-27,TN,1203,14888,6,246,936
2020-3-27,TX,1731,21935,23,335,1907
2020-3-27,UT,480,8764,2,78,1456
2020-3-27,VA,604,6733,14,144,1004
2020-3-27,VI,19,55,0,2,0
2020-3-27,VT,184,2077,10,26,227
2020-3-27,WA,3207,43173,147,627,11461
2020-3-27,WI,842,13140,13,135,1557
2020-3-27,WV,76,1779,0,25,748
2020-3-27,WY,70,1211,0,17,159
2020-3-26,AK,59,1801,1,17,152
2020-3-26,AL,506,3593,1,223,1064
2020-3-26,AR,335,1504,3,55,67
2020-3-26,AS,0,,0,0,0
2020-3-26,AZ,577,347,8,127,24
2020-3-26,CA,3006,17380,65,651,1459
2020-3-26,CO,1086,6978,19,174,189
2020-3-26,CT,1012,5625,21,137,602
2020-3-26,DC,231,1626,3,48,203
2020-3-26,DE,130,36,1,15,0
2020-3-26,FL,2355,23741,28,673,8367
2020-3-26,GA,1525,7401,48,278,2469
2020-3-26,GU,45,263,1,8,30
2020-3-26,HI,95,4357,,5,0
2020-3-26,IA,179,2578,1,34,0
2020-3-26,ID,123,2065,0,50,178
2020-3-26,IL,2538,14093,26,673,1749
2020-3-26,IN,645,4006,17,168,1127
2020-3-26,KS,168,2869,3,42,509
2020-3-26,KY,198,3102,4,41,237
2020-3-26,LA,2305,15724,83,510,6068
2020-3-26,MA,2417,21204,25,579,3248
2020-3-26,MD,580,94,4,157,0
2020-3-26,ME,155,3394,,6,217
2020-3-26,MI,2856,6550,60,562,4481
2020-3-26,MN,346,12604,2,59,1416
2020-3-26,MO,502,369,8,146,0
2020-3-26,MP,0,,0,0,0
2020-3-26,MS,485,2291,6,108,725
2020-3-26,MT,71,2128,,18,180
2020-3-26,NC,636,12274,2,132,2289
2020-3-26,ND,52,2039,0,13,305
2020-3-26,NE,73,1584,0,12,280
2020-3-26,NH,137,3001,1,29,645
2020-3-26,NJ,6876,13661,81,2474,3209
2020-3-26,NM,112,7681,1,12,939
2020-3-26,NV,420,4697,10,99,446
2020-3-26,NY,37258,84846,385,6447,12178
2020-3-26,OH,867,16449,15,163,2389
2020-3-26,OK,248,958,7,84,153
2020-3-26,OR,327,6953,11,118,2603
2020-3-26,PA,1687,16441,16,560,5248
2020-3-26,PR,64,377,2,13,60
2020-3-26,RI,165,1339,,41,196
2020-3-26,SC,456,2307,9,32,4
2020-3-26,SD,46,1973,1,5,1154
2020-3-26,TN,957,13952,3,173,2940
2020-3-26,TX,1396,20028,18,422,7508
2020-3-26,UT,402,7308,1,56,817
2020-3-26,VA,460,5729,13,69,750
2020-3-26,VI,17,55,0,0,0
2020-3-26,VT,158,1850,9,35,261
2020-3-26,WA,2580,31712,132,111,0
2020-3-26,WI,707,11583,8,122,1494
2020-3-26,WV,51,1031,0,12,272
2020-3-26,WY,53,1052,,9,98
2020-3-25,AK,42,1649,1,6,663
2020-3-25,AL,283,2529,0,68,423
2020-3-25,AR,280,1437,2,62,490
2020-3-25,AS,0,,0,0,0
2020-3-25,AZ,450,323,6,93,10
2020-3-25,CA,2355,15921,53,253,2469
2020-3-25,CO,912,6789,11,192,1285
2020-3-25,CT,875,5023,19,257,341
2020-3-25,DC,183,1423,2,46,228
2020-3-25,DE,115,36,0,24,0
2020-3-25,FL,1682,15374,22,270,2247
2020-3-25,GA,1247,4932,40,221,474
2020-3-25,GU,37,233,1,5,32
2020-3-25,HI,90,4357,1,13,768
2020-3-25,IA,145,2578,1,21,263
2020-3-25,ID,73,1887,0,23,0
2020-3-25,IL,1865,12344,19,330,2410
2020-3-25,IN,477,2879,14,112,313
2020-3-25,KS,126,2360,3,28,274
2020-3-25,KY,157,2865,4,33,1103
2020-3-25,LA,1795,9656,65,407,2441
2020-3-25,MA,1838,17956,15,679,5366
2020-3-25,MD,423,94,4,74,0
2020-3-25,ME,149,3177,,24,163
2020-3-25,MI,2294,2069,43,503,0
2020-3-25,MN,287,11188,1,25,5638
2020-3-25,MO,356,369,8,173,0
2020-3-25,MP,0,,0,0,0
2020-3-25,MS,377,1566,2,57,14
2020-3-25,MT,53,1948,,7,305
2020-3-25,NC,504,9985,1,106,1844
2020-3-25,ND,39,1734,0,5,280
2020-3-25,NE,61,1304,0,9,329
2020-3-25,NH,108,2356,1,7,909
2020-3-25,NJ,4402,10452,62,727,2127
2020-3-25,NM,100,6742,1,17,852
2020-3-25,NV,321,4251,6,43,297
2020-3-25,NY,30811,72668,285,5146,7063
2020-3-25,OH,704,14060,10,140,13920
2020-3-25,OK,164,805,5,58,70
2020-3-25,OR,209,4350,8,0,0
2020-3-25,PA,1127,11193,11,276,2550
2020-3-25,PR,51,317,2,12,49
2020-3-25,RI,124,1143,,18,23
2020-3-25,SC,424,2303,7,126,291
2020-3-25,SD,41,819,1,11,29
2020-3-25,TN,784,11012,3,117,495
2020-3-25,TX,974,12520,12,564,1763
2020-3-25,UT,346,6491,1,47,967
2020-3-25,VA,391,4979,9,101,799
2020-3-25,VI,17,55,0,0,55
2020-3-25,VT,123,1589,8,28,149
2020-3-25,WA,2469,31712,123,248,0
2020-3-25,WI,585,10089,7,128,1852
2020-3-25,WV,39,759,0,19,149
2020-3-25,WY,44,954,,15,244
2020-3-24,AK,36,986,,14,40
2020-3-24,AL,215,2106,0,48,441
2020-3-24,AR,218,947,0,44,41
2020-3-24,AS,0,,0,0,0
2020-3-24,AZ,357,313,5,92,4
2020-3-24,CA,2102,13452,40,369,885
2020-3-24,CO,720,5504,7,129,659
2020-3-24,CT,618,4682,12,203,597
2020-3-24,DC,137,1195,2,21,82
2020-3-24,DE,91,36,0,23,0
2020-3-24,FL,1412,13127,18,241,2064
2020-3-24,GA,1026,4458,32,254,161
2020-3-24,GU,32,201,1,3,40
2020-3-24,HI,77,3589,1,21,634
2020-3-24,IA,124,2315,,19,272
2020-3-24,ID,50,1887,0,3,578
2020-3-24,IL,1535,9934,16,262,1351
2020-3-24,IN,365,2566,12,106,865
2020-3-24,KS,98,2086,2,16,1669
2020-3-24,KY,124,1762,4,20,0
2020-3-24,LA,1388,7215,46,216,2439
2020-3-24,MA,1159,12590,11,382,4445
2020-3-24,MD,349,94,3,61,0
2020-3-24,ME,125,3014,,18,223
2020-3-24,MI,1791,2069,24,463,0
2020-3-24,MN,262,5550,1,27,1039
2020-3-24,MO,183,369,3,0,0
2020-3-24,MP,0,,0,0,0
2020-3-24,MS,320,1552,1,71,409
2020-3-24,MT,46,1643,,12,497
2020-3-24,NC,398,8141,0,101,0
2020-3-24,ND,34,1454,0,4,101
2020-3-24,NE,52,975,0,2,619
2020-3-24,NH,101,1447,1,23,73
2020-3-24,NJ,3675,8325,44,831,7966
2020-3-24,NM,83,5890,,18,569
2020-3-24,NV,278,3954,4,33,464
2020-3-24,NY,25665,65605,210,4790,8191
2020-3-24,OH,564,140,8,122,0
2020-3-24,OK,106,735,3,25,41
2020-3-24,OR,209,4350,8,18,701
2020-3-24,PA,851,8643,7,207,2048
2020-3-24,PR,39,268,2,8,79
2020-3-24,RI,106,1120,,0,188
2020-3-24,SC,298,2012,5,-1,546
2020-3-24,SD,30,790,1,2,28
2020-3-24,TN,667,10517,2,52,7245
2020-3-24,TX,410,10757,9,58,1054
2020-3-24,UT,299,5524,1,42,734
2020-3-24,VA,290,4180,7,36,737
2020-3-24,VI,17,,0,0,0
2020-3-24,VT,95,1440,7,20,334
2020-3-24,WA,2221,31712,110,225,2833
2020-3-24,WI,457,8237,5,41,1187
2020-3-24,WV,20,610,0,4,166
2020-3-24,WY,29,710,,3,118
2020-3-23,AK,22,946,,0,0
2020-3-23,AL,167,1665,0,29,201
2020-3-23,AR,174,906,0,9,195
2020-3-23,AS,,,0,0,0
2020-3-23,AZ,265,309,2,113,27
2020-3-23,CA,1733,12567,27,197,1263
2020-3-23,CO,591,4845,6,116,770
2020-3-23,CT,415,4085,10,192,1208
2020-3-23,DC,116,1113,2,18,156
2020-3-23,DE,68,36,0,12,0
2020-3-23,FL,1171,11063,14,341,3073
2020-3-23,GA,772,4297,25,172,877
2020-3-23,GU,29,161,1,2,35
2020-3-23,HI,56,2955,,8,2692
2020-3-23,IA,105,2043,,15,828
2020-3-23,ID,47,1309,0,5,134
2020-3-23,IL,1273,8583,12,224,1312
2020-3-23,IN,259,1701,7,58,408
2020-3-23,KS,82,417,2,18,0
2020-3-23,KY,104,1762,3,5,290
2020-3-23,LA,1172,4776,34,335,2115
2020-3-23,MA,777,8145,9,131,2686
2020-3-23,MD,288,94,3,44,0
2020-3-23,ME,107,2791,,18,527
2020-3-23,MI,1328,2069,15,293,0
2020-3-23,MN,235,4511,1,66,0
2020-3-23,MO,183,369,3,93,0
2020-3-23,MP,0,,0,0,0
2020-3-23,MS,249,1143,1,42,29
2020-3-23,MT,34,1146,,3,0
2020-3-23,NC,297,8141,0,42,1958
2020-3-23,ND,30,1353,0,2,93
2020-3-23,NE,50,356,0,2,0
2020-3-23,NH,78,1374,,13,186
2020-3-23,NJ,2844,359,27,930,32
2020-3-23,NM,65,5321,,8,599
2020-3-23,NV,245,3490,4,55,1042
2020-3-23,NY,20875,57414,114,5707,11181
2020-3-23,OH,442,140,6,91,0
2020-3-23,OK,81,694,2,14,25
2020-3-23,OR,191,3649,5,30,785
2020-3-23,PA,644,6595,6,165,1631
2020-3-23,PR,31,189,2,8,6
2020-3-23,RI,106,932,,23,0
2020-3-23,SC,299,1466,5,104,0
2020-3-23,SD,28,762,1,7,22
2020-3-23,TN,615,3272,2,110,0
2020-3-23,TX,352,9703,8,18,1281
2020-3-23,UT,257,4790,1,76,1282
2020-3-23,VA,254,3443,6,35,325
2020-3-23,VI,17,,0,11,0
2020-3-23,VT,75,1106,5,23,0
2020-3-23,WA,1996,28879,95,203,3551
2020-3-23,WI,416,7050,5,31,820
2020-3-23,WV,16,444,0,4,59
2020-3-23,WY,26,592,,2,154
2020-3-22,AK,22,946,,8,188
2020-3-22,AL,138,1464,0,14,1436
2020-3-22,AR,165,711,0,47,144
2020-3-22,AS,,,0,0,0
2020-3-22,AZ,152,282,2,48,42
2020-3-22,CA,1536,11304,27,257,55
2020-3-22,CO,475,4075,5,112,758
2020-3-22,CT,223,2877,5,29,771
2020-3-22,DC,98,957,1,21,451
2020-3-22,DE,56,36,0,11,0
2020-3-22,FL,830,7990,13,172,1411
2020-3-22,GA,600,3420,23,93,863
2020-3-22,GU,27,126,1,12,18
2020-3-22,HI,48,263,,11,139
2020-3-22,IA,90,1215,,22,166
2020-3-22,ID,42,1175,0,11,295
2020-3-22,IL,1049,7271,9,296,1783
2020-3-22,IN,201,1293,6,75,586
2020-3-22,KS,64,417,2,9,0
2020-3-22,KY,99,1472,3,45,758
2020-3-22,LA,837,2661,20,252,481
2020-3-22,MA,646,5459,5,121,707
2020-3-22,MD,244,94,3,54,0
2020-3-22,ME,89,2264,,16,0
2020-3-22,MI,1035,2069,8,248,0
2020-3-22,MN,169,4511,1,31,559
2020-3-22,MO,90,369,3,17,0
2020-3-22,MP,0,,0,0,0
2020-3-22,MS,207,1114,1,67,419
2020-3-22,MT,31,1146,,11,0
2020-3-22,NC,255,6183,0,71,1091
2020-3-22,ND,28,1260,0,0,119
2020-3-22,NE,48,356,0,10,0
2020-3-22,NH,65,1188,,10,215
2020-3-22,NJ,1914,327,20,587,33
2020-3-22,NM,57,4722,,0,951
2020-3-22,NV,190,2448,2,66,64
2020-3-22,NY,15168,46233,114,4812,11152
2020-3-22,OH,351,140,3,104,0
2020-3-22,OK,67,669,2,14,109
2020-3-22,OR,161,2864,4,47,861
2020-3-22,PA,479,4964,2,108,1198
2020-3-22,PR,23,183,,2,40
2020-3-22,RI,83,932,,17,70
2020-3-22,SC,195,1466,3,43,211
2020-3-22,SD,21,740,1,7,49
2020-3-22,TN,505,3272,,134,0
2020-3-22,TX,334,8422,5,30,2204
2020-3-22,UT,181,3508,1,45,1084
2020-3-22,VA,219,3118,3,67,480
2020-3-22,VI,6,,0,0,0
2020-3-22,VT,52,1106,2,23,327
2020-3-22,WA,1793,25328,94,269,3609
2020-3-22,WI,385,6230,4,104,1602
2020-3-22,WV,12,385,0,1,55
2020-3-22,WY,24,438,,1,0
2020-3-21,AK,14,758,,2,72
2020-3-21,AL,124,28,0,43,0
2020-3-21,AR,118,567,,22,216
2020-3-21,AS,,,0,0,0
2020-3-21,AZ,104,240,1,39,29
2020-3-21,CA,1279,11249,24,216,825
2020-3-21,CO,363,3317,4,86,642
2020-3-21,CT,194,2106,4,0,1502
2020-3-21,DC,77,506,1,6,5
2020-3-21,DE,45,36,0,7,0
2020-3-21,FL,658,6579,12,138,4709
2020-3-21,GA,507,2557,14,87,591
2020-3-21,GU,15,108,,1,22
2020-3-21,HI,37,124,,11,0
2020-3-21,IA,68,1049,,23,407
2020-3-21,ID,31,880,,8,290
2020-3-21,IL,753,5488,6,168,1792
2020-3-21,IN,126,707,4,47,232
2020-3-21,KS,55,417,2,11,0
2020-3-21,KY,54,714,2,7,122
2020-3-21,LA,585,2180,16,106,1612
2020-3-21,MA,525,4752,1,112,1074
2020-3-21,MD,190,94,2,41,0
2020-3-21,ME,73,2264,,16,0
2020-3-21,MI,787,2069,5,238,0
2020-3-21,MN,138,3952,1,23,211
2020-3-21,MO,73,369,3,26,0
2020-3-21,MP,0,,0,0,0
2020-3-21,MS,140,695,1,60,0
2020-3-21,MT,20,1146,,4,215
2020-3-21,NC,184,5092,0,47,1996
2020-3-21,ND,28,1141,0,8,341
2020-3-21,NE,38,356,0,6,116
2020-3-21,NH,55,973,,11,228
2020-3-21,NJ,1327,294,16,437,30
2020-3-21,NM,57,3771,,14,0
2020-3-21,NV,124,2384,2,15,392
2020-3-21,NY,10356,35081,44,3254,9756
2020-3-21,OH,247,140,3,78,0
2020-3-21,OK,53,560,1,4,22
2020-3-21,OR,114,2003,3,0,0
2020-3-21,PA,371,3766,2,103,1192
2020-3-21,PR,21,143,,7,29
2020-3-21,RI,66,862,,12,208
2020-3-21,SC,152,1255,1,71,422
2020-3-21,SD,14,691,1,0,28
2020-3-21,TN,371,3272,,143,2709
2020-3-21,TX,304,6218,5,110,1135
2020-3-21,UT,136,2424,0,24,389
2020-3-21,VA,152,2638,2,38,427
2020-3-21,VI,6,,0,3,0
2020-3-21,VT,29,779,2,0,0
2020-3-21,WA,1524,21719,83,148,2383
2020-3-21,WI,281,4628,4,75,1173
2020-3-21,WV,11,330,0,4,111
2020-3-21,WY,23,438,,4,107
2020-3-20,AK,12,686,,6,254
2020-3-20,AL,81,28,0,13,0
2020-3-20,AR,96,351,,50,41
2020-3-20,AS,0,,0,0,0
2020-3-20,AZ,65,211,0,21,36
2020-3-20,CA,1063,10424,20,139,1637
2020-3-20,CO,277,2675,3,61,563
2020-3-20,CT,194,604,3,98,0
2020-3-20,DC,71,501,1,32,348
2020-3-20,DE,38,36,0,8,0
2020-3-20,FL,520,1870,10,130,337
2020-3-20,GA,420,1966,13,133,422
2020-3-20,GU,14,86,,2,17
2020-3-20,HI,26,124,,10,31
2020-3-20,IA,45,642,,7,559
2020-3-20,ID,23,590,,12,131
2020-3-20,IL,585,3696,5,163,971
2020-3-20,IN,79,475,2,23,151
2020-3-20,KS,44,417,1,10,0
2020-3-20,KY,47,592,1,12,138
2020-3-20,LA,479,568,12,132,110
2020-3-20,MA,413,3678,1,85,874
2020-3-20,MD,149,94,1,42,0
2020-3-20,ME,57,2264,,4,260
2020-3-20,MI,549,2069,3,213,-44
2020-3-20,MN,115,3741,,26,792
2020-3-20,MO,47,369,1,23,61
2020-3-20,MP,0,,0,0,0
2020-3-20,MS,80,695,1,30,143
2020-3-20,MT,16,931,,4,170
2020-3-20,NC,137,3096,0,40,688
2020-3-20,ND,20,800,0,5,307
2020-3-20,NE,32,240,0,5,0
2020-3-20,NH,44,745,,5,124
2020-3-20,NJ,890,264,11,148,54
2020-3-20,NM,43,3771,,8,1009
2020-3-20,NV,109,1992,1,14,366
2020-3-20,NY,7102,25325,35,2950,7193
2020-3-20,OH,169,140,1,50,0
2020-3-20,OK,49,538,1,5,72
2020-3-20,OR,114,2003,3,26,674
2020-3-20,PA,268,2574,1,83,966
2020-3-20,PR,14,114,,9,58
2020-3-20,RI,54,654,,21,114
2020-3-20,SC,81,833,1,21,250
2020-3-20,SD,14,663,1,3,112
2020-3-20,TN,228,563,,74,214
2020-3-20,TX,194,5083,5,51,2871
2020-3-20,UT,112,2035,0,34,587
2020-3-20,VA,114,2211,2,20,382
2020-3-20,VI,3,,0,0,0
2020-3-20,VT,29,779,2,7,134
2020-3-20,WA,1376,19336,74,189,3418
2020-3-20,WI,206,3455,3,51,1263
2020-3-20,WV,7,219,0,5,76
2020-3-20,WY,19,331,,1,60
2020-3-19,AK,6,432,,0,26
2020-3-19,AL,68,28,0,22,0
2020-3-19,AR,46,310,,13,74
2020-3-19,AS,0,,0,0,0
2020-3-19,AZ,44,175,0,16,27
2020-3-19,CA,924,8787,18,313,806
2020-3-19,CO,216,2112,2,33,495
2020-3-19,CT,96,604,1,28,479
2020-3-19,DC,39,153,0,8,15
2020-3-19,DE,30,36,0,5,0
2020-3-19,FL,390,1533,8,76,308
2020-3-19,GA,287,1544,10,90,233
2020-3-19,GU,12,69,,4,12
2020-3-19,HI,16,93,,2,0
2020-3-19,IA,38,83,,9,0
2020-3-19,ID,11,459,,2,0
2020-3-19,IL,422,2725,4,134,962
2020-3-19,IN,56,324,2,17,170
2020-3-19,KS,34,417,1,18,0
2020-3-19,KY,35,454,1,9,100
2020-3-19,LA,347,458,8,107,123
2020-3-19,MA,328,2804,,72,789
2020-3-19,MD,107,94,1,22,0
2020-3-19,ME,53,2004,,10,334
2020-3-19,MI,336,2113,3,256,1841
2020-3-19,MN,89,2949,,12,264
2020-3-19,MO,24,308,1,11,55
2020-3-19,MP,0,,0,0,0
2020-3-19,MS,50,552,,16,73
2020-3-19,MT,12,761,,2,262
2020-3-19,NC,97,2408,0,34,621
2020-3-19,ND,15,493,0,9,225
2020-3-19,NE,27,240,0,3,34
2020-3-19,NH,39,621,,13,108
2020-3-19,NJ,742,210,9,315,20
2020-3-19,NM,35,2762,,7,436
2020-3-19,NV,95,1626,1,40,1458
2020-3-19,NY,4152,18132,12,1770,5917
2020-3-19,OH,119,140,,31,0
2020-3-19,OK,44,466,1,15,88
2020-3-19,OR,88,1329,3,13,211
2020-3-19,PA,185,1608,1,52,421
2020-3-19,PR,5,56,,0,25
2020-3-19,RI,33,540,,0,0
2020-3-19,SC,60,583,1,0,0
2020-3-19,SD,11,551,1,0,0
2020-3-19,TN,154,349,,56,0
2020-3-19,TX,143,2212,3,60,388
2020-3-19,UT,78,1448,0,15,1317
2020-3-19,VA,94,1829,2,17,628
2020-3-19,VI,3,,0,1,0
2020-3-19,VT,22,645,,3,53
2020-3-19,WA,1187,15918,66,175,2801
2020-3-19,WI,155,2192,,49,615
2020-3-19,WV,2,143,0,1,21
2020-3-19,WY,18,271,,3,93
2020-3-18,AK,6,406,,3,72
2020-3-18,AL,46,28,0,10,0
2020-3-18,AR,33,236,,11,39
2020-3-18,AS,0,,0,0,0
2020-3-18,AZ,28,148,0,8,6
2020-3-18,CA,611,7981,13,128,0
2020-3-18,CO,183,1617,2,23,561
2020-3-18,CT,68,125,,27,0
2020-3-18,DC,31,138,,9,34
2020-3-18,DE,25,36,,9,0
2020-3-18,FL,314,1225,7,128,285
2020-3-18,GA,197,1311,1,51,1311
2020-3-18,GU,8,57,,3,16
2020-3-18,HI,14,93,,4,93
2020-3-18,IA,29,83,,6,0
2020-3-18,ID,9,459,,2,113
2020-3-18,IL,288,1763,1,129,423
2020-3-18,IN,39,154,2,9,25
2020-3-18,KS,16,417,1,1,35
2020-3-18,KY,26,354,1,4,59
2020-3-18,LA,240,335,6,69,49
2020-3-18,MA,256,2015,,38,474
2020-3-18,MD,85,94,,28,0
2020-3-18,ME,43,1670,,11,367
2020-3-18,MI,80,272,,15,0
2020-3-18,MN,77,2685,,17,409
2020-3-18,MO,13,253,0,5,46
2020-3-18,MP,0,,0,0,0
2020-3-18,MS,34,479,,13,111
2020-3-18,MT,10,499,,2,196
2020-3-18,NC,63,1787,0,23,1313
2020-3-18,ND,6,268,0,3,48
2020-3-18,NE,24,206,,3,0
2020-3-18,NH,26,513,,9,158
2020-3-18,NJ,427,190,5,160,27
2020-3-18,NM,28,2326,,5,1077
2020-3-18,NV,55,168,1,0,0
2020-3-18,NY,2382,12215,12,682,6709
2020-3-18,OH,88,140,,21,0
2020-3-18,OK,29,378,,12,131
2020-3-18,OR,75,1118,3,28,429
2020-3-18,PA,133,1187,,37,308
2020-3-18,PR,5,31,,0,18
2020-3-18,RI,33,540,,12,232
2020-3-18,SC,60,583,1,27,272
2020-3-18,SD,11,551,1,0,0
2020-3-18,TN,98,349,,25,19
2020-3-18,TX,83,1824,2,19,620
2020-3-18,UT,63,131,0,12,0
2020-3-18,VA,77,1201,1,10,240
2020-3-18,VI,2,,0,0,0
2020-3-18,VT,19,592,,9,97
2020-3-18,WA,1012,13117,52,108,1535
2020-3-18,WI,106,1577,,34,539
2020-3-18,WV,1,122,0,1,42
2020-3-18,WY,15,178,,5,83
2020-3-17,AK,3,334,,2,191
2020-3-17,AL,36,28,0,8,0
2020-3-17,AR,22,197,,0,65
2020-3-17,AS,0,,,0,0
2020-3-17,AZ,20,142,0,2,17
2020-3-17,CA,483,7981,11,148,0
2020-3-17,CO,160,1056,1,29,429
2020-3-17,CT,41,125,,15,0
2020-3-17,DC,22,104,,5,8
2020-3-17,DE,16,36,,8,0
2020-3-17,FL,186,940,6,45,256
2020-3-17,GA,146,,1,25,0
2020-3-17,GU,5,41,,2,18
2020-3-17,HI,10,,,3,0
2020-3-17,IA,23,83,,1,0
2020-3-17,ID,7,346,,2,81
2020-3-17,IL,159,1340,1,66,408
2020-3-17,IN,30,129,2,6,14
2020-3-17,KS,15,382,1,4,216
2020-3-17,KY,22,295,1,1,61
2020-3-17,LA,171,286,4,57,98
2020-3-17,MA,218,1541,,54,1189
2020-3-17,MD,57,94,,20,0
2020-3-17,ME,32,1303,,15,539
2020-3-17,MI,65,272,,12,0
2020-3-17,MN,60,2276,,6,437
2020-3-17,MO,8,207,0,2,43
2020-3-17,MP,0,,,0,0
2020-3-17,MS,21,368,,9,91
2020-3-17,MT,8,303,,1,105
2020-3-17,NC,40,474,0,7,178
2020-3-17,ND,3,220,0,2,97
2020-3-17,NE,21,206,,3,36
2020-3-17,NH,17,355,,4,84
2020-3-17,NJ,267,163,3,89,43
2020-3-17,NM,23,1249,,6,683
2020-3-17,NV,55,168,1,10,0
2020-3-17,NY,1700,5506,7,750,963
2020-3-17,OH,67,140,,17,0
2020-3-17,OK,17,247,,7,73
2020-3-17,OR,47,689,,8,110
2020-3-17,PA,96,879,,20,209
2020-3-17,PR,5,13,,0,4
2020-3-17,RI,21,308,,0,0
2020-3-17,SC,33,311,1,5,76
2020-3-17,SD,11,551,,1,57
2020-3-17,TN,73,330,,21,60
2020-3-17,TX,64,1204,1,7,1204
2020-3-17,UT,51,131,0,12,0
2020-3-17,VA,67,961,1,16,523
2020-3-17,VI,2,,,1,0
2020-3-17,VT,10,495,,2,74
2020-3-17,WA,904,11582,48,135,2131
2020-3-17,WI,72,1038,,25,534
2020-3-17,WV,0,80,0,0,0
2020-3-17,WY,10,95,,7,95
2020-3-16,AK,1,143,,0,0
2020-3-16,AL,28,28,0,16,0
2020-3-16,AR,22,132,,6,29
2020-3-16,AS,0,,,,
2020-3-16,AZ,18,125,0,6,4
2020-3-16,CA,335,7981,6,42,7065
2020-3-16,CO,131,627,1,0,0
2020-3-16,CT,26,125,,6,0
2020-3-16,DC,17,96,,1,17
2020-3-16,DE,8,36,,2,0
2020-3-16,FL,141,684,4,25,6
2020-3-16,GA,121,,1,22,0
2020-3-16,GU,3,23,,,
2020-3-16,HI,7,,,5,0
2020-3-16,IA,22,83,,4,0
2020-3-16,ID,5,265,,0,91
2020-3-16,IL,93,932,,29,483
2020-3-16,IN,24,115,1,5,13
2020-3-16,KS,11,166,1,3,31
2020-3-16,KY,21,234,1,5,95
2020-3-16,LA,114,188,2,23,32
2020-3-16,MA,164,352,,26,0
2020-3-16,MD,37,94,,6,0
2020-3-16,ME,17,764,,14,673
2020-3-16,MI,53,272,,20,67
2020-3-16,MN,54,1839,,19,452
2020-3-16,MO,6,164,0,1,42
2020-3-16,MP,0,,,,
2020-3-16,MS,12,277,,2,193
2020-3-16,MT,7,198,,0,95
2020-3-16,NC,33,296,0,1,69
2020-3-16,ND,1,123,0,0,28
2020-3-16,NE,18,170,,1,90
2020-3-16,NH,13,271,,0,0
2020-3-16,NJ,178,120,2,80,0
2020-3-16,NM,17,566,,4,84
2020-3-16,NV,45,168,1,24,0
2020-3-16,NY,950,4543,7,221,0
2020-3-16,OH,50,140,,14,1
2020-3-16,OK,10,174,,1,56
2020-3-16,OR,39,579,,3,159
2020-3-16,PA,76,670,,13,465
2020-3-16,PR,5,9,,,
2020-3-16,RI,21,308,,1,110
2020-3-16,SC,28,235,1,9,81
2020-3-16,SD,10,494,,1,167
2020-3-16,TN,52,270,,13,113
2020-3-16,TX,57,,,1,0
2020-3-16,UT,39,131,0,11,0
2020-3-16,VA,51,438,1,6,75
2020-3-16,VI,1,,,,
2020-3-16,VT,8,421,,4,73
2020-3-16,WA,769,9451,42,127,2329
2020-3-16,WI,47,504,,14,191
2020-3-16,WV,0,80,0,0,42
2020-3-16,WY,3,,,0,0
2020-3-15,AK,1,143,,0,0
2020-3-15,AL,12,28,0,6,6
2020-3-15,AR,16,103,,4,38
2020-3-15,AZ,12,121,0,0,0
2020-3-15,CA,293,916,5,41,0
2020-3-15,CO,131,627,1,30,17
2020-3-15,CT,20,125,,9,0
2020-3-15,DC,16,79,,6,30
2020-3-15,DE,6,36,,0,0
2020-3-15,FL,116,678,4,39,200
2020-3-15,GA,99,,1,33,0
2020-3-15,HI,2,,,0,0
2020-3-15,IA,18,83,,1,0
2020-3-15,ID,5,174,,3,0
2020-3-15,IL,64,449,,18,133
2020-3-15,IN,19,102,0,4,28
2020-3-15,KS,8,135,1,2,42
2020-3-15,KY,16,139,,2,0
2020-3-15,LA,91,156,2,22,47
2020-3-15,MA,138,352,,0,0
2020-3-15,MD,31,94,,5,0
2020-3-15,ME,3,91,,0,0
2020-3-15,MI,33,205,,8,0
2020-3-15,MN,35,1387,,14,540
2020-3-15,MO,5,122,0,1,32
2020-3-15,MS,10,84,,4,0
2020-3-15,MT,7,103,,2,0
2020-3-15,NC,32,227,,9,90
2020-3-15,ND,1,95,0,0,41
2020-3-15,NE,17,80,,3,0
2020-3-15,NH,13,271,,6,59
2020-3-15,NJ,98,120,2,48,23
2020-3-15,NM,13,482,,3,245
2020-3-15,NV,21,168,,1,0
2020-3-15,NY,729,4543,3,205,1764
2020-3-15,OH,36,139,,23,89
2020-3-15,OK,9,118,,5,82
2020-3-15,OR,36,420,,6,83
2020-3-15,PA,63,205,,16,0
2020-3-15,RI,20,198,,0,0
2020-3-15,SC,19,154,,6,44
2020-3-15,SD,9,327,,0,145
2020-3-15,TN,39,157,,7,27
2020-3-15,TX,56,,,5,0
2020-3-15,UT,28,131,0,22,0
2020-3-15,VA,45,363,1,15,246
2020-3-15,VT,4,348,,0,121
2020-3-15,WA,642,7122,40,74,1121
2020-3-15,WI,33,313,,14,144
2020-3-15,WV,0,38,0,0,12
2020-3-15,WY,3,,,1,0
2020-3-14,AK,1,143,,0,84
2020-3-14,AL,6,22,,5,11
2020-3-14,AR,12,65,,3,35
2020-3-14,AZ,12,121,0,3,27
2020-3-14,CA,252,916,5,50,0
2020-3-14,CO,101,610,1,29,86
2020-3-14,CT,11,125,,5,26
2020-3-14,DC,10,49,,0,29
2020-3-14,DE,6,36,,2,6
2020-3-14,FL,77,478,3,27,0
2020-3-14,GA,66,,1,24,0
2020-3-14,HI,2,,,0,0
2020-3-14,IA,17,83,,1,0
2020-3-14,ID,2,174,,2,43
2020-3-14,IL,46,316,,14,22
2020-3-14,IN,15,74,0,3,13
2020-3-14,KS,6,93,1,0,0
2020-3-14,KY,14,139,,3,32
2020-3-14,LA,69,109,,33,72
2020-3-14,MA,138,352,,15,260
2020-3-14,MD,26,94,,9,0
2020-3-14,ME,3,91,,0,0
2020-3-14,MI,25,205,,9,72
2020-3-14,MN,21,847,,7,306
2020-3-14,MO,4,90,0,2,19
2020-3-14,MS,6,84,,2,43
2020-3-14,MT,5,103,,4,48
2020-3-14,NC,23,137,,8,51
2020-3-14,ND,1,54,0,0,15
2020-3-14,NE,14,80,,1,0
2020-3-14,NH,7,212,,1,118
2020-3-14,NJ,50,97,1,0,0
2020-3-14,NM,10,237,,0,47
2020-3-14,NV,20,168,,9,0
2020-3-14,NY,524,2779,,103,0
2020-3-14,OH,13,50,,0,0
2020-3-14,OK,4,36,,1,0
2020-3-14,OR,30,337,,0,0
2020-3-14,PA,47,205,,14,65
2020-3-14,RI,20,198,,6,56
2020-3-14,SC,13,110,,1,35
2020-3-14,SD,9,182,,0,109
2020-3-14,TN,32,130,,6,14
2020-3-14,TX,51,,,12,0
2020-3-14,UT,6,131,,0,0
2020-3-14,VA,30,117,,0,0
2020-3-14,VT,4,227,,2,85
2020-3-14,WA,568,6001,37,111,1651
2020-3-14,WI,19,169,,0,0
2020-3-14,WV,0,26,,0,9
2020-3-14,WY,2,,,1,0
2020-3-13,AK,1,59,,1,13
2020-3-13,AL,1,11,,1,1
2020-3-13,AR,9,30,,3,6
2020-3-13,AZ,9,94,0,0,12
2020-3-13,CA,202,916,4,0,0
2020-3-13,CO,72,524,,27,226
2020-3-13,CT,6,99,,0,10
2020-3-13,DC,10,20,,0,0
2020-3-13,DE,4,30,,0,7
2020-3-13,FL,50,478,2,18,177
2020-3-13,GA,42,,1,11,0
2020-3-13,HI,2,,,0,0
2020-3-13,IA,16,83,,2,16
2020-3-13,ID,0,131,,0,38
2020-3-13,IL,32,294,,7,28
2020-3-13,IN,12,61,,0,9
2020-3-13,KS,6,93,,2,52
2020-3-13,KY,11,107,,3,51
2020-3-13,LA,36,37,,22,0
2020-3-13,MA,123,92,,28,92
2020-3-13,MD,17,94,,5,0
2020-3-13,ME,3,91,,2,26
2020-3-13,MI,16,133,,14,42
2020-3-13,MN,14,541,,5,234
2020-3-13,MO,2,71,,1,7
2020-3-13,MS,4,41,,3,0
2020-3-13,MT,1,55,,0,21
2020-3-13,NC,15,86,,3,26
2020-3-13,ND,1,39,0,0,27
2020-3-13,NE,13,80,,3,0
2020-3-13,NH,6,94,,0,0
2020-3-13,NJ,50,97,1,20,23
2020-3-13,NM,10,190,,5,35
2020-3-13,NV,11,168,,4,0
2020-3-13,NY,421,2779,,205,2687
2020-3-13,OH,13,50,,8,20
2020-3-13,OK,3,36,,0,0
2020-3-13,OR,30,337,,11,51
2020-3-13,PA,33,140,,11,24
2020-3-13,RI,14,142,,9,48
2020-3-13,SC,12,75,,2,27
2020-3-13,SD,9,73,,1,46
2020-3-13,TN,26,116,,8,37
2020-3-13,TX,39,,,16,0
2020-3-13,UT,6,131,,2,0
2020-3-13,VA,30,117,,13,0
2020-3-13,VT,2,142,,0,45
2020-3-13,WA,457,4350,31,120,1313
2020-3-13,WI,19,169,,11,85
2020-3-13,WV,0,17,,0,10
2020-3-13,WY,1,,,0,0
2020-3-12,AK,0,46,,0,0
2020-3-12,AL,0,10,,0,0
2020-3-12,AR,6,24,,6,12
2020-3-12,AZ,9,82,,0,23
2020-3-12,CA,202,916,4,45,0
2020-3-12,CO,45,298,,17,47
2020-3-12,CT,6,89,,3,18
2020-3-12,DC,10,20,,5,0
2020-3-12,DE,4,23,,3,6
2020-3-12,FL,32,301,2,4,0
2020-3-12,GA,31,,,9,0
2020-3-12,HI,2,,,0,0
2020-3-12,IA,14,67,,1,21
2020-3-12,ID,0,93,,0,26
2020-3-12,IL,25,266,,6,22
2020-3-12,IN,12,52,,2,19
2020-3-12,KS,4,41,,3,0
2020-3-12,KY,8,56,,0,10
2020-3-12,LA,14,37,,8,0
2020-3-12,MA,95,,,3,0
2020-3-12,MD,12,94,,3,0
2020-3-12,ME,1,65,,1,23
2020-3-12,MI,2,91,,0,34
2020-3-12,MN,9,307,,4,90
2020-3-12,MO,1,64,,0,64
2020-3-12,MS,1,41,,1,21
2020-3-12,MT,1,34,,1,13
2020-3-12,NC,12,60,,5,60
2020-3-12,ND,1,12,,1,5
2020-3-12,NE,10,80,,5,33
2020-3-12,NH,6,94,,2,56
2020-3-12,NJ,30,74,1,6,17
2020-3-12,NM,5,155,,2,68
2020-3-12,NV,7,168,,2,0
2020-3-12,NY,216,92,,0,0
2020-3-12,OH,5,30,,1,9
2020-3-12,OK,3,36,,1,21
2020-3-12,OR,19,286,,0,0
2020-3-12,PA,22,116,,7,28
2020-3-12,RI,5,94,,0,36
2020-3-12,SC,10,48,,1,16
2020-3-12,SD,8,27,,3,14
2020-3-12,TN,18,79,,11,29
2020-3-12,TX,23,,,2,0
2020-3-12,UT,4,131,,2,131
2020-3-12,VA,17,117,,8,57
2020-3-12,VT,2,97,,1,35
2020-3-12,WA,337,3037,29,70,862
2020-3-12,WI,8,84,,5,41
2020-3-12,WV,0,7,,0,4
2020-3-12,WY,1,,,1,0
2020-3-11,AK,0,46,,0,23
2020-3-11,AL,0,10,,0,10
2020-3-11,AR,0,12,,0,0
2020-3-11,AZ,9,59,,3,8
2020-3-11,CA,157,916,,24,226
2020-3-11,CO,28,251,,16,109
2020-3-11,CT,3,71,,1,17
2020-3-11,DC,5,20,,0,3
2020-3-11,DE,1,17,,1,0
2020-3-11,FL,28,301,2,9,79
2020-3-11,GA,22,,,5,0
2020-3-11,HI,2,,,0,0
2020-3-11,IA,13,46,,5,14
2020-3-11,ID,0,67,,0,26
2020-3-11,IL,19,244,,0,0
2020-3-11,IN,10,33,,4,3
2020-3-11,KS,1,41,,0,24
2020-3-11,KY,8,46,,2,18
2020-3-11,LA,6,37,,5,26
2020-3-11,MA,92,,,0,0
2020-3-11,MD,9,94,,3,5
2020-3-11,ME,0,42,,0,22
2020-3-11,MI,2,57,,2,18
2020-3-11,MN,5,217,,2,85
2020-3-11,MO,1,,,0,0
2020-3-11,MS,0,20,,0,20
2020-3-11,MT,0,21,,0,6
2020-3-11,NC,7,,,0,0
2020-3-11,ND,0,7,,0,1
2020-3-11,NE,5,47,,2,0
2020-3-11,NH,4,38,,0,0
2020-3-11,NJ,24,57,1,9,13
2020-3-11,NM,3,87,,3,18
2020-3-11,NV,5,168,,5,154
2020-3-11,NY,216,92,,43,0
2020-3-11,OH,4,21,,1,7
2020-3-11,OK,2,15,,0,0
2020-3-11,OR,19,286,,4,73
2020-3-11,PA,15,88,,3,88
2020-3-11,RI,5,58,,2,5
2020-3-11,SC,9,32,,2,8
2020-3-11,SD,5,13,,5,2
2020-3-11,TN,7,50,,0,50
2020-3-11,TX,21,,,8,0
2020-3-11,UT,2,,,0,0
2020-3-11,VA,9,60,,1,7
2020-3-11,VT,1,62,,0,22
2020-3-11,WA,267,2175,24,105,1065
2020-3-11,WI,3,43,,1,7
2020-3-11,WV,0,3,,0,1
2020-3-11,WY,0,,,0,0
2020-3-10,AK,0,23,,0,0
2020-3-10,AL,0,0,,0,0
2020-3-10,AR,0,12,,0,0
2020-3-10,AZ,6,51,,1,7
2020-3-10,CA,133,690,,19,0
2020-3-10,CO,12,142,,3,9
2020-3-10,CT,2,54,,1,8
2020-3-10,DC,5,17,,4,3
2020-3-10,DE,0,17,,0,2
2020-3-10,FL,19,222,,1,82
2020-3-10,GA,17,,,5,0
2020-3-10,HI,2,,,0,0
2020-3-10,IA,8,32,,5,6
2020-3-10,ID,0,41,,0,0
2020-3-10,IL,19,244,,12,53
2020-3-10,IN,6,30,,4,30
2020-3-10,KS,1,17,,0,6
2020-3-10,KY,6,28,,2,11
2020-3-10,LA,1,11,,0,6
2020-3-10,MA,92,,,51,0
2020-3-10,MD,6,89,,1,16
2020-3-10,ME,0,20,,0,19
2020-3-10,MI,0,39,,0,3
2020-3-10,MN,3,132,,1,52
2020-3-10,MO,1,,,0,0
2020-3-10,MS,0,,,0,0
2020-3-10,MT,0,15,,0,4
2020-3-10,NC,7,,,5,0
2020-3-10,ND,0,6,,0,6
2020-3-10,NE,3,47,,0,11
2020-3-10,NH,4,38,,0,0
2020-3-10,NJ,15,44,,4,9
2020-3-10,NM,0,69,,0,12
2020-3-10,NV,0,14,,0,0
2020-3-10,NY,173,92,,31,0
2020-3-10,OH,3,14,,0,3
2020-3-10,OK,2,15,,1,7
2020-3-10,OR,15,213,,1,48
2020-3-10,PA,12,,,5,0
2020-3-10,RI,3,53,,0,0
2020-3-10,SC,7,24,,0,0
2020-3-10,SD,0,11,,0,6
2020-3-10,TN,7,,,4,0
2020-3-10,TX,13,,,1,0
2020-3-10,UT,2,,,1,0
2020-3-10,VA,8,53,,5,15
2020-3-10,VT,1,40,,0,6
2020-3-10,WA,162,1110,24,26,0
2020-3-10,WI,2,36,,1,0
2020-3-10,WV,0,2,,0,0
2020-3-10,WY,0,0,,0,0
2020-3-9,AK,0,23,,0,9
2020-3-9,AL,0,,,0,0
2020-3-9,AR,0,12,,0,6
2020-3-9,AZ,5,44,,0,0
2020-3-9,CA,114,690,,26,228
2020-3-9,CO,9,133,,1,29
2020-3-9,CT,1,46,,0,17
2020-3-9,DC,1,14,,0,4
2020-3-9,DE,0,15,,0,5
2020-3-9,FL,18,140,,1,22
2020-3-9,GA,12,,,5,0
2020-3-9,HI,2,,,1,0
2020-3-9,IA,3,26,,3,11
2020-3-9,ID,0,41,,0,14
2020-3-9,IL,7,191,,1,0
2020-3-9,IN,2,,,0,0
2020-3-9,KS,1,11,,0,0
2020-3-9,KY,4,17,,3,4
2020-3-9,LA,1,5,,1,0
2020-3-9,MA,41,,,28,0
2020-3-9,MD,5,73,,2,21
2020-3-9,ME,0,1,,0,0
2020-3-9,MI,0,36,,0,10
2020-3-9,MN,2,80,,1,32
2020-3-9,MO,1,,,0,0
2020-3-9,MS,0,,,0,0
2020-3-9,MT,0,11,,0,0
2020-3-9,NC,2,,,0,0
2020-3-9,ND,0,0,,0,0
2020-3-9,NE,3,36,,2,19
2020-3-9,NH,4,38,,0,0
2020-3-9,NJ,11,35,,5,4
2020-3-9,NM,0,57,,0,9
2020-3-9,NV,1,14,,0,0
2020-3-9,NY,142,92,,37,0
2020-3-9,OH,3,11,,3,1
2020-3-9,OK,1,8,,0,0
2020-3-9,OR,14,165,,0,65
2020-3-9,PA,7,,,3,0
2020-3-9,RI,3,53,,0,23
2020-3-9,SC,7,24,,5,16
2020-3-9,SD,0,5,,0,0
2020-3-9,TN,3,,,0,0
2020-3-9,TX,12,,,4,0
2020-3-9,UT,1,,,0,0
2020-3-9,VA,3,38,,1,2
2020-3-9,VT,1,34,,0,6
2020-3-9,WA,136,1110,22,34,470
2020-3-9,WI,1,36,,0,5
2020-3-9,WV,0,2,,0,0
2020-3-9,WY,0,,,0,0
2020-3-8,AK,0,14,,0,2
2020-3-8,AL,0,,,0,0
2020-3-8,AR,0,6,,0,0
2020-3-8,AZ,5,44,,0,0
2020-3-8,CA,88,462,,19,0
2020-3-8,CO,8,104,,0,49
2020-3-8,CT,1,29,,1,29
2020-3-8,DC,1,10,,1,2
2020-3-8,DE,0,10,,0,0
2020-3-8,FL,17,118,,3,18
2020-3-8,GA,7,,,1,0
2020-3-8,HI,1,,,0,0
2020-3-8,IA,0,15,,0,0
2020-3-8,ID,0,27,,0,0
2020-3-8,IL,6,191,,0,0
2020-3-8,IN,2,,,1,0
2020-3-8,KS,1,11,,1,0
2020-3-8,KY,1,13,,0,4
2020-3-8,LA,0,5,,0,5
2020-3-8,MA,13,,,0,0
2020-3-8,MD,3,52,,0,11
2020-3-8,ME,0,1,,0,0
2020-3-8,MI,0,26,,0,8
2020-3-8,MN,1,48,,0,0
2020-3-8,MO,1,,,1,0
2020-3-8,MS,0,,,0,0
2020-3-8,MT,0,11,,0,0
2020-3-8,NC,2,,,0,0
2020-3-8,ND,0,0,,0,0
2020-3-8,NE,1,17,,0,0
2020-3-8,NH,4,38,,2,18
2020-3-8,NJ,6,31,,2,31
2020-3-8,NM,0,48,,0,0
2020-3-8,NV,1,14,,0,0
2020-3-8,NY,105,92,,29,0
2020-3-8,OH,0,10,,0,1
2020-3-8,OK,1,8,,0,8
2020-3-8,OR,14,100,,7,23
2020-3-8,PA,4,,,2,0
2020-3-8,RI,3,30,,1,30
2020-3-8,SC,2,8,,0,0
2020-3-8,SD,0,5,,0,0
2020-3-8,TN,3,,,2,0
2020-3-8,TX,8,,,0,0
2020-3-8,UT,1,,,0,0
2020-3-8,VA,2,36,,2,5
2020-3-8,VT,1,28,,1,12
2020-3-8,WA,102,640,18,0,270
2020-3-8,WI,1,31,,0,0
2020-3-8,WV,0,2,,0,0
2020-3-8,WY,0,,,0,0
2020-3-7,AK,0,12,,0,4
2020-3-7,AL,0,,,,
2020-3-7,AR,0,6,,0,0
2020-3-7,AZ,5,44,,2,11
2020-3-7,CA,69,462,,9,0
2020-3-7,CO,8,55,,6,9
2020-3-7,CT,0,,,,
2020-3-7,DC,0,8,,0,0
2020-3-7,DE,0,10,,0,0
2020-3-7,FL,14,100,,5,45
2020-3-7,GA,6,,,4,0
2020-3-7,HI,1,,,,
2020-3-7,IA,0,15,,0,0
2020-3-7,ID,0,27,,,
2020-3-7,IL,6,191,,1,11
2020-3-7,IN,1,,,0,0
2020-3-7,KS,0,11,,0,7
2020-3-7,KY,1,9,,1,2
2020-3-7,LA,0,,,,
2020-3-7,MA,13,,,5,0
2020-3-7,MD,3,41,,0,15
2020-3-7,ME,0,1,,,
2020-3-7,MI,0,18,,0,10
2020-3-7,MN,1,48,,1,12
2020-3-7,MO,0,,,,
2020-3-7,MS,0,,,,
2020-3-7,MT,0,11,,,
2020-3-7,NC,2,,,0,0
2020-3-7,ND,0,0,,,
2020-3-7,NE,1,17,,1,0
2020-3-7,NH,2,20,,0,0
2020-3-7,NJ,4,,,3,0
2020-3-7,NM,0,48,,0,32
2020-3-7,NV,1,14,,0,0
2020-3-7,NY,76,92,,43,0
2020-3-7,OH,0,9,,0,1
2020-3-7,OK,1,,,,
2020-3-7,OR,7,77,,4,13
2020-3-7,PA,2,,,0,0
2020-3-7,RI,2,,,,
2020-3-7,SC,2,8,,2,3
2020-3-7,SD,0,5,,,
2020-3-7,TN,1,,,0,0
2020-3-7,TX,8,,,3,0
2020-3-7,UT,1,,,,
2020-3-7,VA,0,31,,0,10
2020-3-7,VT,0,16,,0,8
2020-3-7,WA,102,370,16,23,0
2020-3-7,WI,1,31,,0,0
2020-3-7,WV,0,2,,0,1
2020-3-7,WY,0,,,,
2020-3-6,AK,0,8,,,
2020-3-6,AR,0,6,,,
2020-3-6,AZ,3,33,,1,5
2020-3-6,CA,60,462,,7,0
2020-3-6,CO,2,46,,2,27
2020-3-6,DC,0,8,,0,2
2020-3-6,DE,0,10,,,
2020-3-6,FL,9,55,,0,24
2020-3-6,GA,2,,,0,0
2020-3-6,IA,0,15,,,
2020-3-6,IL,5,180,,0,15
2020-3-6,IN,1,,,,
2020-3-6,KS,0,4,,,
2020-3-6,KY,0,7,,,
2020-3-6,MA,8,,,6,0
2020-3-6,MD,3,26,,3,9
2020-3-6,MI,0,8,,0,0
2020-3-6,MN,0,36,,,
2020-3-6,NC,2,,,1,0
2020-3-6,NE,0,17,,0,0
2020-3-6,NH,2,20,,0,4
2020-3-6,NJ,1,,,0,0
2020-3-6,NM,0,16,,,
2020-3-6,NV,1,14,,0,0
2020-3-6,NY,33,92,,11,16
2020-3-6,OH,0,8,,0,1
2020-3-6,OR,3,64,,0,19
2020-3-6,PA,2,,,,
2020-3-6,SC,0,5,,0,0
2020-3-6,TN,1,,,0,0
2020-3-6,TX,5,,,4,0
2020-3-6,VA,0,21,,0,3
2020-3-6,VT,0,8,,,
2020-3-6,WA,79,370,14,9,370
2020-3-6,WI,1,31,,0,12
2020-3-6,WV,0,1,,,
2020-3-5,AZ,2,28,,0,1
2020-3-5,CA,53,462,,0,0
2020-3-5,CO,0,19,,,
2020-3-5,DC,0,6,,,
2020-3-5,FL,9,31,,7,7
2020-3-5,GA,2,,,0,0
2020-3-5,IL,5,165,,1,41
2020-3-5,MA,2,,,0,0
2020-3-5,MD,0,17,,,
2020-3-5,MI,0,8,,,
2020-3-5,NC,1,,,0,0
2020-3-5,NE,0,17,,,
2020-3-5,NH,2,16,,0,6
2020-3-5,NJ,1,,,,
2020-3-5,NV,1,14,,,
2020-3-5,NY,22,76,,16,28
2020-3-5,OH,0,7,,,
2020-3-5,OR,3,45,,0,16
2020-3-5,SC,0,5,,0,0
2020-3-5,TN,1,,,,
2020-3-5,TX,1,,,0,0
2020-3-5,VA,0,18,,,
2020-3-5,WA,70,,11,31,0
2020-3-5,WI,1,19,,0,0
2020-3-4,AZ,2,27,,,
2020-3-4,CA,53,462,,,
2020-3-4,FL,2,24,,,
2020-3-4,GA,2,,,,
2020-3-4,IL,4,124,,,
2020-3-4,MA,2,,,,
2020-3-4,NC,1,,,,
2020-3-4,NH,2,10,,,
2020-3-4,NY,6,48,,,
2020-3-4,OR,3,29,,,
2020-3-4,SC,0,5,,,
2020-3-4,TX,1,,,,
2020-3-4,WA,39,,10,,
2020-3-4,WI,1,19,,,
